{
    "device": "GEN3FLEX@COM4",
    "binary": {
        "path":"lauterbach/bin",
        "binaryFileName": "aivi2_cfg04_board.bin",
        "traceFileName": "aivi2_cfg04_board_UNKNOWN.trc"
    },
    "script": {
        "flashCommand":"lauterbach\\flash_aivi2_cfg04.bat",
        "sleepCommand":"lauterbach\\sleep.bat",
        "resetCommand":"lauterbach\\reset.bat"
    },
    "appSerialPort": "COM5",
    "powerSupply": {
        "serialPort": "",
        "channel": 1
    },
    "voltage": {
        "normal": 12,
        "max": 14
    }
}